date,asset,price,signal,order,rsi,sentiment,comment
2025-12-19,ADA-USDT,0.3767,buy,buy,38.54507011226941,POSITIVE,"BUY|S:0.81 R:38.5 B:0.21 M:-0.01"
2025-12-19,BNB-USDT,856.17,buy,buy,43.52855785662722,POSITIVE,"BUY|S:0.81 R:43.5 B:0.27 M:-6.68"
2025-12-19,BTC-USDT,88136.94,buy,buy,44.70169896522725,POSITIVE,"BUY|S:0.81 R:44.7 B:0.34 M:-657.68"
2025-12-19,DOGE-USDT,0.13222,buy,buy,42.70274712678156,POSITIVE,"BUY|S:0.81 R:42.7 B:0.29 M:-0.00"
2025-12-19,DOT-USDT,1.849,buy,buy,32.92069773635776,POSITIVE,"BUY|S:0.81 R:32.9 B:0.17 M:-0.01"
2025-12-19,ETH-USDT,2979.5,buy,buy,46.605432659781634,POSITIVE,"BUY|S:0.81 R:46.6 B:0.37 M:-44.67"
2025-12-19,LTC-USDT,77.49,buy,buy,38.92569423761791,POSITIVE,"BUY|S:0.81 R:38.9 B:0.23 M:-0.33"
2025-12-19,SOL-USDT,126.27,buy,buy,43.89103853306418,POSITIVE,"BUY|S:0.81 R:43.9 B:0.25 M:-1.46"
2025-12-19,XRP-USDT,1.9092,buy,buy,40.946291827287325,POSITIVE,"BUY|S:0.81 R:40.9 B:0.22 M:-0.02"
2025-12-20,ADA-USDT,0.373,buy,none,37.83520634096814,NEGATIVE,"BUY|S:0.99 R:37.8 B:0.21 M:-0.01"
2025-12-20,BNB-USDT,854.17,buy,none,43.147198753135854,NEGATIVE,"BUY|S:0.99 R:43.1 B:0.27 M:-5.70"
2025-12-20,BTC-USDT,88360.9,sell,sell,45.309904567946205,NEGATIVE,"SELL|S:0.99 R:45.3 B:0.37 M:-488.38"
2025-12-20,DOGE-USDT,0.13194,sell,sell,42.508147874978654,NEGATIVE,"SELL|S:0.99 R:42.5 B:0.31 M:-0.00"
2025-12-20,DOT-USDT,1.832,buy,none,32.3626266107489,NEGATIVE,"BUY|S:0.99 R:32.4 B:0.18 M:-0.01"
2025-12-20,ETH-USDT,2977.93,sell,sell,46.53417109820499,NEGATIVE,"SELL|S:0.99 R:46.5 B:0.37 M:-36.24"
2025-12-20,LTC-USDT,77.84,buy,none,39.68465408838745,NEGATIVE,"BUY|S:0.99 R:39.7 B:0.28 M:-0.16"
2025-12-20,SOL-USDT,125.81,buy,none,43.46993875408932,NEGATIVE,"BUY|S:0.99 R:43.5 B:0.25 M:-1.18"
2025-12-20,XRP-USDT,1.9335,sell,sell,42.916330003774455,NEGATIVE,"SELL|S:0.99 R:42.9 B:0.30 M:-0.01"
2025-12-21,ADA-USDT,0.3662,buy,none,36.50461167842407,POSITIVE,"BUY|S:0.94 R:36.5 B:0.17 M:-0.01"
2025-12-21,BNB-USDT,858.64,buy,none,44.321314793647545,POSITIVE,"BUY|S:0.94 R:44.3 B:0.28 M:-4.49"
2025-12-21,BTC-USDT,88658.86,buy,buy,46.15836012242394,POSITIVE,"BUY|S:0.94 R:46.2 B:0.39 M:-336.69"
2025-12-21,DOGE-USDT,0.13112,buy,buy,41.90586479406625,POSITIVE,"BUY|S:0.94 R:41.9 B:0.29 M:-0.00"
2025-12-21,DOT-USDT,1.802,buy,none,31.35255880391326,POSITIVE,"BUY|S:0.94 R:31.4 B:0.18 M:-0.01"
2025-12-21,ETH-USDT,3002.02,buy,buy,47.85176103377846,POSITIVE,"BUY|S:0.94 R:47.9 B:0.39 M:-27.79"
2025-12-21,LTC-USDT,76.79,buy,none,38.15288403800872,POSITIVE,"BUY|S:0.94 R:38.2 B:0.21 M:-0.09"
2025-12-21,SOL-USDT,126.03,buy,none,43.74790839384581,POSITIVE,"BUY|S:0.94 R:43.7 B:0.26 M:-0.92"
2025-12-21,XRP-USDT,1.9223,buy,buy,42.217270645784126,POSITIVE,"BUY|S:0.94 R:42.2 B:0.29 M:-0.01"
2025-12-22,ADA-USDT,0.3711,buy,none,38.19143721117231,POSITIVE,"BUY|S:0.99 R:38.2 B:0.24 M:-0.00"
2025-12-22,BNB-USDT,858.66,buy,none,44.3268548230036,POSITIVE,"BUY|S:0.99 R:44.3 B:0.29 M:-3.46"
2025-12-22,BTC-USDT,88620.79,buy,none,46.06003730924369,POSITIVE,"BUY|S:0.99 R:46.1 B:0.40 M:-224.67"
2025-12-22,DOGE-USDT,0.13258,buy,none,43.442402149136775,POSITIVE,"BUY|S:0.99 R:43.4 B:0.35 M:0.00"
2025-12-22,DOT-USDT,1.784,buy,none,30.732769049227244,POSITIVE,"BUY|S:0.99 R:30.7 B:0.18 M:-0.00"
2025-12-22,ETH-USDT,3009.49,buy,none,48.277411099216565,POSITIVE,"BUY|S:0.99 R:48.3 B:0.40 M:-20.77"
2025-12-22,LTC-USDT,77.05,buy,none,38.78298746067379,POSITIVE,"BUY|S:0.99 R:38.8 B:0.25 M:-0.00"
2025-12-22,SOL-USDT,125.93,buy,none,43.64285910784857,POSITIVE,"BUY|S:0.99 R:43.6 B:0.28 M:-0.69"
2025-12-22,XRP-USDT,1.9043,buy,none,41.05970282520593,POSITIVE,"BUY|S:0.99 R:41.1 B:0.27 M:-0.01"
2025-12-23,ADA-USDT,0.3628,buy,none,36.42617878537081,NEGATIVE,"BUY|S:0.97 R:36.4 B:0.21 M:-0.00"
2025-12-23,BNB-USDT,844.3,buy,none,41.16013925084488,NEGATIVE,"BUY|S:0.97 R:41.2 B:0.16 M:-3.52"
2025-12-23,BTC-USDT,87486,buy,none,43.112086239933014,NEGATIVE,"BUY|S:0.97 R:43.1 B:0.29 M:-212.86"
2025-12-23,DOGE-USDT,0.12928,buy,none,40.81471664622361,NEGATIVE,"BUY|S:0.97 R:40.8 B:0.26 M:0.00"
2025-12-23,DOT-USDT,1.765,buy,none,30.057327846709896,NEGATIVE,"BUY|S:0.97 R:30.1 B:0.18 M:-0.00"
2025-12-23,ETH-USDT,2965.02,sell,sell,45.87671818107387,NEGATIVE,"SELL|S:0.97 R:45.9 B:0.34 M:-18.27"
2025-12-23,LTC-USDT,77.01,buy,none,38.71763340912483,NEGATIVE,"BUY|S:0.97 R:38.7 B:0.27 M:0.08"
2025-12-23,SOL-USDT,124.01,buy,none,41.578476031424266,NEGATIVE,"BUY|S:0.97 R:41.6 B:0.21 M:-0.61"
2025-12-23,XRP-USDT,1.8734,buy,none,39.078778302058396,NEGATIVE,"BUY|S:0.97 R:39.1 B:0.20 M:-0.01"
2025-12-24,ADA-USDT,0.3566,buy,none,35.12031182227215,POSITIVE,"BUY|S:0.84 R:35.1 B:0.19 M:-0.00"
2025-12-24,BNB-USDT,846.58,buy,none,41.87021704621486,POSITIVE,"BUY|S:0.84 R:41.9 B:0.21 M:-3.19"
2025-12-24,BTC-USDT,87669.45,buy,none,43.73897505962359,POSITIVE,"BUY|S:0.84 R:43.7 B:0.33 M:-179.88"
2025-12-24,DOGE-USDT,0.12856,buy,none,40.24277630781332,POSITIVE,"BUY|S:0.84 R:40.2 B:0.25 M:0.00"
2025-12-24,DOT-USDT,1.738,buy,none,29.079270736582743,POSITIVE,"BUY|S:0.84 R:29.1 B:0.17 M:-0.00"
2025-12-24,ETH-USDT,2947.47,buy,buy,44.92721417123632,POSITIVE,"BUY|S:0.84 R:44.9 B:0.32 M:-16.98"
2025-12-24,LTC-USDT,75.79,buy,none,36.68701572020282,POSITIVE,"BUY|S:0.84 R:36.7 B:0.21 M:0.07"
2025-12-24,SOL-USDT,122.53,buy,none,40.00752046262813,POSITIVE,"BUY|S:0.84 R:40.0 B:0.17 M:-0.61"
2025-12-24,XRP-USDT,1.8628,buy,none,38.39446835300191,POSITIVE,"BUY|S:0.84 R:38.4 B:0.20 M:-0.01"
2025-12-25,ADA-USDT,0.3434,buy,none,32.45281097925734,NEGATIVE,"BUY|S:0.98 R:32.5 B:0.14 M:-0.00"
2025-12-25,BNB-USDT,829.64,buy,none,38.18324091614682,NEGATIVE,"BUY|S:0.98 R:38.2 B:0.08 M:-3.84"
2025-12-25,BTC-USDT,87225.27,buy,none,42.51728235229073,NEGATIVE,"BUY|S:0.98 R:42.5 B:0.29 M:-174.99"
2025-12-25,DOGE-USDT,0.12365,buy,none,36.48773650914301,NEGATIVE,"BUY|S:0.98 R:36.5 B:0.12 M:-0.00"
2025-12-25,DOT-USDT,1.685,buy,none,27.20771524414226,NEGATIVE,"BUY|S:0.98 R:27.2 B:0.13 M:-0.00"
2025-12-25,ETH-USDT,2903.95,buy,none,42.57408261372775,NEGATIVE,"BUY|S:0.98 R:42.6 B:0.26 M:-18.14"
2025-12-25,LTC-USDT,75.71,buy,none,36.55163991029832,NEGATIVE,"BUY|S:0.98 R:36.6 B:0.23 M:0.08"
2025-12-25,SOL-USDT,120.06,buy,none,37.46348351903773,NEGATIVE,"BUY|S:0.98 R:37.5 B:0.10 M:-0.71"
2025-12-25,XRP-USDT,1.8326,buy,none,36.43680536589761,NEGATIVE,"BUY|S:0.98 R:36.4 B:0.15 M:-0.01"
2025-12-26,ADA-USDT,0.3496,buy,none,34.95190849495627,POSITIVE,"BUY|S:0.91 R:35.0 B:0.21 M:-0.00"
2025-12-26,BNB-USDT,834.72,buy,none,39.89257987622124,POSITIVE,"BUY|S:0.91 R:39.9 B:0.17 M:-3.67"
2025-12-26,BTC-USDT,87369.56,buy,none,43.07353172912284,POSITIVE,"BUY|S:0.91 R:43.1 B:0.32 M:-150.01"
2025-12-26,DOGE-USDT,0.12211,buy,none,35.37287510054461,POSITIVE,"BUY|S:0.91 R:35.4 B:0.11 M:-0.00"
2025-12-26,DOT-USDT,1.723,buy,none,30.65386290354663,POSITIVE,"BUY|S:0.91 R:30.7 B:0.22 M:0.00"
2025-12-26,ETH-USDT,2927.99,buy,none,44.30928358866052,POSITIVE,"BUY|S:0.91 R:44.3 B:0.31 M:-16.42"
2025-12-26,LTC-USDT,76.87,buy,none,40.00841936714807,POSITIVE,"BUY|S:0.91 R:40.0 B:0.33 M:0.18"
2025-12-26,SOL-USDT,122.26,buy,none,41.05859742349554,POSITIVE,"BUY|S:0.91 R:41.1 B:0.23 M:-0.57"
2025-12-26,XRP-USDT,1.8437,buy,none,37.69427624399512,POSITIVE,"BUY|S:0.91 R:37.7 B:0.21 M:-0.00"
2025-12-27,ADA-USDT,0.37,sell,sell,42.491243795663095,NEGATIVE,"SELL|S:0.96 R:42.5 B:0.37 M:-0.00"
2025-12-27,BNB-USDT,845.04,sell,sell,43.321377958317186,NEGATIVE,"SELL|S:0.96 R:43.3 B:0.30 M:-2.64"
2025-12-27,BTC-USDT,87877.01,sell,sell,45.08612511797914,NEGATIVE,"SELL|S:0.96 R:45.1 B:0.40 M:-90.23"
2025-12-27,DOGE-USDT,0.12435,buy,none,38.32474293425069,NEGATIVE,"BUY|S:0.96 R:38.3 B:0.22 M:-0.00"
2025-12-27,DOT-USDT,1.91,sell,sell,44.56276334527729,NEGATIVE,"SELL|S:0.96 R:44.6 B:0.50 M:0.02"
2025-12-27,ETH-USDT,2949.05,sell,sell,45.852852457895,NEGATIVE,"SELL|S:0.96 R:45.9 B:0.36 M:-13.13"
2025-12-27,LTC-USDT,80.33,sell,sell,48.943616045937546,NEGATIVE,"SELL|S:0.96 R:48.9 B:0.60 M:0.47"
2025-12-27,SOL-USDT,124.73,sell,sell,44.88926221420802,NEGATIVE,"SELL|S:0.96 R:44.9 B:0.36 M:-0.27"
2025-12-27,XRP-USDT,1.8735,sell,sell,41.06514914021548,NEGATIVE,"SELL|S:0.96 R:41.1 B:0.32 M:-0.00"
2025-12-28,ADA-USDT,0.3688,sell,none,42.18153280415926,NEGATIVE,"SELL|S:0.99 R:42.2 B:0.38 M:0.00"
2025-12-28,BNB-USDT,859.32,sell,none,47.761903379448704,NEGATIVE,"SELL|S:0.99 R:47.8 B:0.48 M:-0.88"
2025-12-28,BTC-USDT,87952.71,sell,none,45.39626062572793,NEGATIVE,"SELL|S:0.99 R:45.4 B:0.42 M:-39.13"
2025-12-28,DOGE-USDT,0.12393,buy,none,37.974507423484006,NEGATIVE,"BUY|S:0.99 R:38.0 B:0.23 M:-0.00"
2025-12-28,DOT-USDT,1.851,sell,none,41.719575867220634,NEGATIVE,"SELL|S:0.99 R:41.7 B:0.43 M:0.02"
2025-12-28,ETH-USDT,2950.91,sell,none,45.99522120354359,NEGATIVE,"SELL|S:0.99 R:46.0 B:0.38 M:-10.23"
2025-12-28,LTC-USDT,78.73,sell,none,45.56402275626006,NEGATIVE,"SELL|S:0.99 R:45.6 B:0.49 M:0.56"
2025-12-28,SOL-USDT,125.27,sell,none,45.71983243025061,NEGATIVE,"SELL|S:0.99 R:45.7 B:0.40 M:-0.01"
2025-12-28,XRP-USDT,1.8654,sell,none,40.42494669879746,NEGATIVE,"SELL|S:0.99 R:40.4 B:0.31 M:0.00"
2025-12-29,ADA-USDT,0.3532,buy,buy,38.27574322149699,NEGATIVE,"BUY|S:1.00 R:38.3 B:0.27 M:0.00"
2025-12-29,BNB-USDT,852.46,sell,none,45.90143648682379,NEGATIVE,"SELL|S:1.00 R:45.9 B:0.42 M:-0.09"
2025-12-29,BTC-USDT,87237.13,sell,none,42.92818250836419,NEGATIVE,"SELL|S:1.00 R:42.9 B:0.35 M:-46.54"
2025-12-29,DOGE-USDT,0.12288,buy,none,37.06261895501899,NEGATIVE,"BUY|S:1.00 R:37.1 B:0.20 M:-0.00"
2025-12-29,DOT-USDT,1.824,sell,none,40.44775984000347,NEGATIVE,"SELL|S:1.00 R:40.4 B:0.41 M:0.03"
2025-12-29,ETH-USDT,2937.9,sell,none,45.101949804997886,NEGATIVE,"SELL|S:1.00 R:45.1 B:0.37 M:-8.65"
2025-12-29,LTC-USDT,78.32,sell,none,44.71201954755853,NEGATIVE,"SELL|S:1.00 R:44.7 B:0.49 M:0.57"
2025-12-29,SOL-USDT,123.28,sell,none,43.139592080516174,NEGATIVE,"SELL|S:1.00 R:43.1 B:0.32 M:0.06"
2025-12-29,XRP-USDT,1.8508,buy,buy,39.23754340057762,NEGATIVE,"BUY|S:1.00 R:39.2 B:0.28 M:0.00"
2025-12-30,ADA-USDT,0.3514,buy,none,37.840357376872994,NEGATIVE,"BUY|S:0.61 R:37.8 B:0.25 M:0.00"
2025-12-30,BNB-USDT,861.65,sell,none,48.77987548043565,NEGATIVE,"SELL|S:0.61 R:48.8 B:0.56 M:1.08"
2025-12-30,BTC-USDT,88485.49,sell,none,48.217373279842015,NEGATIVE,"SELL|S:0.61 R:48.2 B:0.56 M:35.19"
2025-12-30,DOGE-USDT,0.12336,buy,none,37.79796337437054,NEGATIVE,"BUY|S:0.61 R:37.8 B:0.24 M:0.00"
2025-12-30,DOT-USDT,1.811,buy,buy,39.81835226573451,NEGATIVE,"BUY|S:0.61 R:39.8 B:0.41 M:0.03"
2025-12-30,ETH-USDT,2973.69,sell,none,48.08871824904564,NEGATIVE,"SELL|S:0.61 R:48.1 B:0.48 M:-4.85"
2025-12-30,LTC-USDT,78.89,sell,none,46.21770475961308,NEGATIVE,"SELL|S:0.61 R:46.2 B:0.58 M:0.61"
2025-12-30,SOL-USDT,125.01,sell,none,45.99312127970296,NEGATIVE,"SELL|S:0.61 R:46.0 B:0.44 M:0.23"
2025-12-30,XRP-USDT,1.8776,sell,sell,42.57210187728622,NEGATIVE,"SELL|S:0.61 R:42.6 B:0.39 M:0.00"
2025-12-31,ADA-USDT,0.3335,buy,none,33.73124302362301,POSITIVE,"BUY|S:1.00 R:33.7 B:0.07 M:-0.00"
2025-12-31,BNB-USDT,864.3,buy,buy,49.61242448128477,POSITIVE,"BUY|S:1.00 R:49.6 B:0.61 M:1.99"
2025-12-31,BTC-USDT,87648.22,buy,buy,45.19225793833386,POSITIVE,"BUY|S:1.00 R:45.2 B:0.45 M:35.33"
2025-12-31,DOGE-USDT,0.11747,buy,none,32.74258326689863,POSITIVE,"BUY|S:1.00 R:32.7 B:0.02 M:-0.00"
2025-12-31,DOT-USDT,1.789,buy,none,38.7202577002445,POSITIVE,"BUY|S:1.00 R:38.7 B:0.37 M:0.03"
2025-12-31,ETH-USDT,2971.64,buy,buy,47.927872483736614,POSITIVE,"BUY|S:1.00 R:47.9 B:0.52 M:-2.26"
2025-12-31,LTC-USDT,76.85,buy,buy,41.827311669244,POSITIVE,"BUY|S:1.00 R:41.8 B:0.37 M:0.49"
2025-12-31,SOL-USDT,124.65,buy,buy,45.48161693499443,POSITIVE,"BUY|S:1.00 R:45.5 B:0.44 M:0.33"
2025-12-31,XRP-USDT,1.8423,buy,buy,39.497445296263905,POSITIVE,"BUY|S:1.00 R:39.5 B:0.27 M:0.00"
2026-01-01,ADA-USDT,0.3565,sell,sell,42.38817698197445,NEGATIVE,"SELL|S:1.00 R:42.4 B:0.36 M:0.00"
2026-01-01,BNB-USDT,864.39,sell,sell,49.642362002905884,NEGATIVE,"SELL|S:1.00 R:49.6 B:0.64 M:2.53"
2026-01-01,BTC-USDT,88839.04,sell,sell,49.997299245566055,NEGATIVE,"SELL|S:1.00 R:50.0 B:0.75 M:113.68"
2026-01-01,DOGE-USDT,0.12683,sell,sell,45.26987268544802,NEGATIVE,"SELL|S:1.00 R:45.3 B:0.46 M:0.00"
2026-01-01,DOT-USDT,1.999,sell,sell,52.255380289755436,NEGATIVE,"SELL|S:1.00 R:52.3 B:0.95 M:0.04"
2026-01-01,ETH-USDT,3004.19,sell,sell,50.74495130009505,NEGATIVE,"SELL|S:1.00 R:50.7 B:0.66 M:1.65"
2026-01-01,LTC-USDT,79.97,sell,sell,49.69763455892535,NEGATIVE,"SELL|S:1.00 R:49.7 B:0.82 M:0.60"
2026-01-01,SOL-USDT,126.9,sell,sell,49.27838621473924,NEGATIVE,"SELL|S:1.00 R:49.3 B:0.63 M:0.54"
2026-01-01,XRP-USDT,1.8799,sell,sell,44.12633177226169,NEGATIVE,"SELL|S:1.00 R:44.1 B:0.46 M:0.01"
2026-01-02,ADA-USDT,0.3949,sell,none,53.346162537833585,NEGATIVE,"SELL|S:0.99 R:53.3 B:0.93 M:0.00"
2026-01-02,BNB-USDT,881.25,sell,none,55.032400099009436,NEGATIVE,"SELL|S:0.99 R:55.0 B:0.96 M:3.87"
2026-01-02,BTC-USDT,89995.13,sell,none,54.195768912598155,NEGATIVE,"SELL|S:0.99 R:54.2 B:1.05 M:234.46"
2026-01-02,DOGE-USDT,0.14188,sell,none,58.616917061546445,NEGATIVE,"SELL|S:0.99 R:58.6 B:1.13 M:0.00"
2026-01-02,DOT-USDT,2.166,sell,none,59.85009765509749,NEGATIVE,"SELL|S:0.99 R:59.9 B:1.24 M:0.06"
2026-01-02,ETH-USDT,3125.45,sell,none,59.52890246066129,NEGATIVE,"SELL|S:0.99 R:59.5 B:1.11 M:11.84"
2026-01-02,LTC-USDT,81.93,sell,none,53.91569340161468,NEGATIVE,"SELL|S:0.99 R:53.9 B:1.08 M:0.79"
2026-01-02,SOL-USDT,132.29,sell,none,57.0033550985849,NEGATIVE,"SELL|S:0.99 R:57.0 B:1.08 M:1.01"
2026-01-02,XRP-USDT,2.0069,sell,none,56.290429819080416,NEGATIVE,"SELL|S:0.99 R:56.3 B:1.11 M:0.02"
2026-01-03,ADA-USDT,0.3893,sell,none,51.79884078008906,NEGATIVE,"SELL|S:1.00 R:51.8 B:0.86 M:0.01"
2026-01-03,BNB-USDT,878.63,sell,none,54.06398195625399,NEGATIVE,"SELL|S:1.00 R:54.1 B:0.91 M:4.40"
2026-01-03,BTC-USDT,90628.01,sell,none,56.35617206756025,NEGATIVE,"SELL|S:1.00 R:56.4 B:1.08 M:341.58"
2026-01-03,DOGE-USDT,0.14315,sell,none,59.51416738915311,NEGATIVE,"SELL|S:1.00 R:59.5 B:1.08 M:0.00"
2026-01-03,DOT-USDT,2.125,sell,none,57.4345667615297,NEGATIVE,"SELL|S:1.00 R:57.4 B:1.05 M:0.06"
2026-01-03,ETH-USDT,3127.11,sell,none,59.635027783646365,NEGATIVE,"SELL|S:1.00 R:59.6 B:1.05 M:17.77"
2026-01-03,LTC-USDT,82.08,sell,none,54.23199839426641,NEGATIVE,"SELL|S:1.00 R:54.2 B:1.01 M:0.88"
2026-01-03,SOL-USDT,133.37,sell,none,58.37144514784385,NEGATIVE,"SELL|S:1.00 R:58.4 B:1.08 M:1.35"
2026-01-03,XRP-USDT,2.0182,sell,none,57.18361625149666,NEGATIVE,"SELL|S:1.00 R:57.2 B:1.10 M:0.02"
2026-01-04,ADA-USDT,0.4007,buy,buy,54.680633791965214,POSITIVE,"BUY|S:1.00 R:54.7 B:0.99 M:0.01"
2026-01-04,BNB-USDT,895.43,buy,buy,59.0411764400036,POSITIVE,"BUY|S:1.00 R:59.0 B:1.06 M:5.61"
2026-01-04,BTC-USDT,91529.73,buy,buy,59.30155670876091,POSITIVE,"BUY|S:1.00 R:59.3 B:1.11 M:450.90"
2026-01-04,DOGE-USDT,0.14953,buy,buy,63.76453299168405,POSITIVE,"BUY|S:1.00 R:63.8 B:1.13 M:0.00"
2026-01-04,DOT-USDT,2.142,buy,buy,58.188091427336644,POSITIVE,"BUY|S:1.00 R:58.2 B:1.00 M:0.06"
2026-01-04,ETH-USDT,3144.7,buy,buy,60.807806427765854,POSITIVE,"BUY|S:1.00 R:60.8 B:1.01 M:21.70"
2026-01-04,LTC-USDT,82.26,buy,buy,54.63438702593737,POSITIVE,"BUY|S:1.00 R:54.6 B:0.96 M:0.92"
2026-01-04,SOL-USDT,134.12,buy,buy,59.33901037407095,POSITIVE,"BUY|S:1.00 R:59.3 B:1.03 M:1.55"
2026-01-04,XRP-USDT,2.0909,buy,buy,62.493797303619324,POSITIVE,"BUY|S:1.00 R:62.5 B:1.19 M:0.03"
2026-01-05,ADA-USDT,0.4211,sell,sell,59.362725084111865,NEGATIVE,"SELL|S:0.97 R:59.4 B:1.13 M:0.01"
2026-01-05,BNB-USDT,910.31,sell,sell,62.87775288160296,NEGATIVE,"SELL|S:0.97 R:62.9 B:1.13 M:7.06"
2026-01-05,BTC-USDT,93859.71,sell,sell,65.73614270846723,NEGATIVE,"SELL|S:0.97 R:65.7 B:1.22 M:645.99"
2026-01-05,DOGE-USDT,0.15171,sell,sell,65.11230367313058,NEGATIVE,"SELL|S:0.97 R:65.1 B:1.07 M:0.00"
2026-01-05,DOT-USDT,2.208,sell,sell,61.06953243270334,NEGATIVE,"SELL|S:0.97 R:61.1 B:1.02 M:0.07"
2026-01-05,ETH-USDT,3224.99,sell,sell,65.7057423518529,NEGATIVE,"SELL|S:0.97 R:65.7 B:1.09 M:28.12"
2026-01-05,LTC-USDT,83.46,sell,sell,57.32791237418434,NEGATIVE,"SELL|S:0.97 R:57.3 B:1.00 M:0.98"
2026-01-05,SOL-USDT,137.9,sell,sell,63.893963888776725,NEGATIVE,"SELL|S:0.97 R:63.9 B:1.12 M:1.85"
2026-01-05,XRP-USDT,2.3478,sell,sell,74.51971077404066,NEGATIVE,"SELL|S:0.97 R:74.5 B:1.37 M:0.05"
2026-01-06,ADA-USDT,0.4194,sell,none,58.817387764110464,NEGATIVE,"SELL|S:0.99 R:58.8 B:1.01 M:0.01"
2026-01-06,BNB-USDT,917.64,sell,none,64.63508839360834,NEGATIVE,"SELL|S:0.99 R:64.6 B:1.07 M:8.08"
2026-01-06,BTC-USDT,93747.97,sell,none,65.20372027665137,NEGATIVE,"SELL|S:0.99 R:65.2 B:1.07 M:727.31"
2026-01-06,DOGE-USDT,0.15055,sell,none,63.75345208438483,NEGATIVE,"SELL|S:0.99 R:63.8 B:0.96 M:0.00"
2026-01-06,DOT-USDT,2.235,sell,none,62.21666738776859,NEGATIVE,"SELL|S:0.99 R:62.2 B:0.97 M:0.07"
2026-01-06,ETH-USDT,3296.84,sell,none,69.39209690633507,NEGATIVE,"SELL|S:0.99 R:69.4 B:1.12 M:35.16"
2026-01-06,LTC-USDT,83.96,sell,none,58.435281892096725,NEGATIVE,"SELL|S:0.99 R:58.4 B:0.97 M:1.01"
2026-01-06,SOL-USDT,141.08,sell,none,67.22075098081068,NEGATIVE,"SELL|S:0.99 R:67.2 B:1.11 M:2.16"
2026-01-06,XRP-USDT,2.3042,sell,none,70.39436870873008,NEGATIVE,"SELL|S:0.99 R:70.4 B:1.11 M:0.06"
2026-01-07,ADA-USDT,0.4022,sell,none,53.46569900237864,NEGATIVE,"SELL|S:0.99 R:53.5 B:0.80 M:0.01"
2026-01-07,BNB-USDT,900.3,sell,none,57.678959123299975,NEGATIVE,"SELL|S:0.99 R:57.7 B:0.86 M:7.19"
2026-01-07,BTC-USDT,91364.16,sell,none,54.974131840838695,NEGATIVE,"SELL|S:0.99 R:55.0 B:0.77 M:586.41"
2026-01-07,DOGE-USDT,0.14642,sell,none,59.03001026768977,NEGATIVE,"SELL|S:0.99 R:59.0 B:0.82 M:0.00"
2026-01-07,DOT-USDT,2.145,sell,none,56.265148800759015,NEGATIVE,"SELL|S:0.99 R:56.3 B:0.81 M:0.06"
2026-01-07,ETH-USDT,3168.72,sell,none,57.519048663806885,NEGATIVE,"SELL|S:0.99 R:57.5 B:0.81 M:29.38"
2026-01-07,LTC-USDT,81.71,sell,none,51.90736182082246,NEGATIVE,"SELL|S:0.99 R:51.9 B:0.74 M:0.83"
2026-01-07,SOL-USDT,136.39,sell,none,58.63923703372057,NEGATIVE,"SELL|S:0.99 R:58.6 B:0.86 M:1.94"
2026-01-07,XRP-USDT,2.1657,sell,none,59.18571025286934,NEGATIVE,"SELL|S:0.99 R:59.2 B:0.84 M:0.05"
2026-01-08,ADA-USDT,0.3956,sell,none,51.528248275009894,NEGATIVE,"SELL|S:0.93 R:51.5 B:0.72 M:0.01"
2026-01-08,BNB-USDT,892.26,sell,none,54.73741594695769,NEGATIVE,"SELL|S:0.93 R:54.7 B:0.75 M:5.71"
2026-01-08,BTC-USDT,91099.99,sell,none,53.96375247265864,NEGATIVE,"SELL|S:0.93 R:54.0 B:0.72 M:447.54"
2026-01-08,DOGE-USDT,0.14194,sell,none,54.32792372764227,NEGATIVE,"SELL|S:0.93 R:54.3 B:0.70 M:0.00"
2026-01-08,DOT-USDT,2.111,sell,none,54.15748830630002,NEGATIVE,"SELL|S:0.93 R:54.2 B:0.74 M:0.05"
2026-01-08,ETH-USDT,3106.65,sell,none,52.805172336571204,NEGATIVE,"SELL|S:0.93 R:52.8 B:0.66 M:20.02"
2026-01-08,LTC-USDT,81.31,sell,none,50.82043521068405,NEGATIVE,"SELL|S:0.93 R:50.8 B:0.69 M:0.66"
2026-01-08,SOL-USDT,138.37,sell,none,60.908179479640154,NEGATIVE,"SELL|S:0.93 R:60.9 B:0.89 M:1.83"
2026-01-08,XRP-USDT,2.1232,sell,none,56.22711628344015,NEGATIVE,"SELL|S:0.93 R:56.2 B:0.74 M:0.04"
2026-01-09,ADA-USDT,0.3914,sell,none,50.279608000917456,NEGATIVE,"SELL|S:0.99 R:50.3 B:0.66 M:0.01"
2026-01-09,BNB-USDT,896.86,sell,none,56.11636085172573,NEGATIVE,"SELL|S:0.99 R:56.1 B:0.77 M:4.75"
2026-01-09,BTC-USDT,90641.28,sell,none,52.17070339403932,NEGATIVE,"SELL|S:0.99 R:52.2 B:0.65 M:303.80"
2026-01-09,DOGE-USDT,0.14071,sell,none,53.07782965419977,NEGATIVE,"SELL|S:0.99 R:53.1 B:0.66 M:0.00"
2026-01-09,DOT-USDT,2.083,sell,none,52.4161230449569,NEGATIVE,"SELL|S:0.99 R:52.4 B:0.68 M:0.04"
2026-01-09,ETH-USDT,3088.4,sell,none,51.46955301454693,NEGATIVE,"SELL|S:0.99 R:51.5 B:0.61 M:11.64"
2026-01-09,LTC-USDT,81.49,sell,none,51.314482197941494,NEGATIVE,"SELL|S:0.99 R:51.3 B:0.69 M:0.53"
2026-01-09,SOL-USDT,135.97,sell,none,56.83807958147034,NEGATIVE,"SELL|S:0.99 R:56.8 B:0.77 M:1.51"
2026-01-09,XRP-USDT,2.0958,sell,none,54.34110920202815,NEGATIVE,"SELL|S:0.99 R:54.3 B:0.68 M:0.03"
2026-01-10,ADA-USDT,0.3886,sell,none,49.41982941076107,NEGATIVE,"SELL|S:1.00 R:49.4 B:0.62 M:0.00"
2026-01-10,BNB-USDT,907.93,sell,none,59.32766300140887,NEGATIVE,"SELL|S:1.00 R:59.3 B:0.83 M:4.56"
2026-01-10,BTC-USDT,90504.7,sell,none,51.6207223804526,NEGATIVE,"SELL|S:1.00 R:51.6 B:0.62 M:184.39"
2026-01-10,DOGE-USDT,0.13965,sell,none,51.96803827032822,NEGATIVE,"SELL|S:1.00 R:52.0 B:0.63 M:0.00"
2026-01-10,DOT-USDT,2.093,sell,none,52.99739575663366,NEGATIVE,"SELL|S:1.00 R:53.0 B:0.68 M:0.03"
2026-01-10,ETH-USDT,3086.72,sell,none,51.340816987972204,NEGATIVE,"SELL|S:1.00 R:51.3 B:0.59 M:5.37"
2026-01-10,LTC-USDT,81.19,sell,none,50.405624259710095,NEGATIVE,"SELL|S:1.00 R:50.4 B:0.64 M:0.40"
2026-01-10,SOL-USDT,135.84,sell,none,56.61738278274372,NEGATIVE,"SELL|S:1.00 R:56.6 B:0.74 M:1.21"
2026-01-10,XRP-USDT,2.0907,sell,none,53.978181553398976,NEGATIVE,"SELL|S:1.00 R:54.0 B:0.66 M:0.02"
2026-01-11,ADA-USDT,0.391,sell,none,50.2058090883557,NEGATIVE,"SELL|S:1.00 R:50.2 B:0.64 M:0.00"
2026-01-11,BNB-USDT,904.32,sell,none,57.841180012500935,NEGATIVE,"SELL|S:1.00 R:57.8 B:0.77 M:3.92"
2026-01-11,BTC-USDT,91013.65,sell,none,53.58434567585644,NEGATIVE,"SELL|S:1.00 R:53.6 B:0.67 M:127.28"
2026-01-11,DOGE-USDT,0.13801,sell,none,50.21853445869225,NEGATIVE,"SELL|S:1.00 R:50.2 B:0.58 M:0.00"
2026-01-11,DOT-USDT,2.07,sell,none,51.44092348813734,NEGATIVE,"SELL|S:1.00 R:51.4 B:0.63 M:0.02"
2026-01-11,ETH-USDT,3123.45,sell,none,54.04701612170161,NEGATIVE,"SELL|S:1.00 R:54.0 B:0.66 M:3.17"
2026-01-11,LTC-USDT,78.79,sell,none,43.732422449064714,NEGATIVE,"SELL|S:1.00 R:43.7 B:0.40 M:0.15"
2026-01-11,SOL-USDT,139.7,sell,none,61.40889389990784,NEGATIVE,"SELL|S:1.00 R:61.4 B:0.85 M:1.20"
2026-01-11,XRP-USDT,2.0745,sell,none,52.7725105036515,NEGATIVE,"SELL|S:1.00 R:52.8 B:0.62 M:0.01"
2026-01-12,ADA-USDT,0.3862,sell,none,48.57987803216125,NEGATIVE,"SELL|S:0.83 R:48.6 B:0.58 M:0.00"
2026-01-12,BNB-USDT,905.78,sell,none,58.29628104912658,NEGATIVE,"SELL|S:0.83 R:58.3 B:0.76 M:3.34"
2026-01-12,BTC-USDT,91296.2,sell,none,54.68399766252479,NEGATIVE,"SELL|S:0.83 R:54.7 B:0.68 M:97.46"
2026-01-12,DOGE-USDT,0.13662,sell,none,48.72142288184625,NEGATIVE,"SELL|S:0.83 R:48.7 B:0.54 M:0.00"
2026-01-12,DOT-USDT,2.055,sell,none,50.40129854619404,NEGATIVE,"SELL|S:0.83 R:50.4 B:0.59 M:0.02"
2026-01-12,ETH-USDT,3095.75,sell,none,51.711280140086046,NEGATIVE,"SELL|S:0.83 R:51.7 B:0.59 M:-0.47"
2026-01-12,LTC-USDT,76.12,buy,buy,37.74548198210552,NEGATIVE,"BUY|S:0.83 R:37.7 B:0.14 M:-0.19"
2026-01-12,SOL-USDT,139.22,sell,none,60.51383819098252,NEGATIVE,"SELL|S:0.83 R:60.5 B:0.80 M:1.09"
2026-01-12,XRP-USDT,2.054,sell,none,51.21360614863665,NEGATIVE,"SELL|S:0.83 R:51.2 B:0.58 M:0.01"
2026-01-13,ADA-USDT,0.4218,sell,none,59.14717077312458,NEGATIVE,"SELL|S:1.00 R:59.1 B:0.88 M:0.00"
2026-01-13,BNB-USDT,943.73,sell,none,67.97387472913336,NEGATIVE,"SELL|S:1.00 R:68.0 B:1.01 M:5.15"
2026-01-13,BTC-USDT,95414,sell,none,66.96677094990693,NEGATIVE,"SELL|S:1.00 R:67.0 B:1.05 M:330.85"
2026-01-13,DOGE-USDT,0.14828,sell,none,59.601338833100236,NEGATIVE,"SELL|S:1.00 R:59.6 B:0.78 M:0.00"
2026-01-13,DOT-USDT,2.282,sell,none,62.69013773091952,NEGATIVE,"SELL|S:1.00 R:62.7 B:0.87 M:0.02"
2026-01-13,ETH-USDT,3325.82,sell,none,65.17372552160079,NEGATIVE,"SELL|S:1.00 R:65.2 B:1.01 M:11.62"
2026-01-13,LTC-USDT,78.18,sell,sell,44.10356451551418,NEGATIVE,"SELL|S:1.00 R:44.1 B:0.32 M:-0.26"
2026-01-13,SOL-USDT,145.51,sell,none,67.25015022108288,NEGATIVE,"SELL|S:1.00 R:67.3 B:0.95 M:1.35"
2026-01-13,XRP-USDT,2.1655,sell,none,58.409878538666135,NEGATIVE,"SELL|S:1.00 R:58.4 B:0.73 M:0.01"
2026-01-14,ADA-USDT,0.4143,sell,none,56.51224059496425,NEGATIVE,"SELL|S:1.00 R:56.5 B:0.78 M:0.00"
2026-01-14,BNB-USDT,948.47,sell,none,68.94326712851614,NEGATIVE,"SELL|S:1.00 R:68.9 B:0.99 M:6.24"
2026-01-14,BTC-USDT,96951.78,sell,none,70.21371515592365,NEGATIVE,"SELL|S:1.00 R:70.2 B:1.08 M:551.58"
2026-01-14,DOGE-USDT,0.14718,sell,none,58.3436817977365,NEGATIVE,"SELL|S:1.00 R:58.3 B:0.73 M:0.00"
2026-01-14,DOT-USDT,2.226,sell,none,58.81844446929401,NEGATIVE,"SELL|S:1.00 R:58.8 B:0.77 M:0.02"
2026-01-14,ETH-USDT,3354.92,sell,none,66.44786254136457,NEGATIVE,"SELL|S:1.00 R:66.4 B:0.99 M:20.09"
2026-01-14,LTC-USDT,76.67,buy,buy,40.813155613901216,NEGATIVE,"BUY|S:1.00 R:40.8 B:0.15 M:-0.39"
2026-01-14,SOL-USDT,146.69,sell,none,68.3413049269306,NEGATIVE,"SELL|S:1.00 R:68.3 B:0.94 M:1.50"
2026-01-14,XRP-USDT,2.1394,sell,none,56.31581631064627,NEGATIVE,"SELL|S:1.00 R:56.3 B:0.67 M:0.01"
2026-01-15,ADA-USDT,0.3936,sell,none,49.90429006331502,NEGATIVE,"SELL|S:0.97 R:49.9 B:0.56 M:0.00"
2026-01-15,BNB-USDT,931.2,sell,none,61.62435883876285,NEGATIVE,"SELL|S:0.97 R:61.6 B:0.82 M:5.39"
2026-01-15,BTC-USDT,95604.8,sell,none,64.25588235224383,NEGATIVE,"SELL|S:0.97 R:64.3 B:0.90 M:567.44"
2026-01-15,DOGE-USDT,0.14004,sell,none,50.84410094768247,NEGATIVE,"SELL|S:0.97 R:50.8 B:0.55 M:0.00"
2026-01-15,DOT-USDT,2.117,sell,none,52.076754406916606,NEGATIVE,"SELL|S:0.97 R:52.1 B:0.59 M:0.02"
2026-01-15,ETH-USDT,3318.69,sell,none,63.34078163299023,NEGATIVE,"SELL|S:0.97 R:63.3 B:0.88 M:21.63"
2026-01-15,LTC-USDT,72.21,buy,none,32.98535234176758,NEGATIVE,"BUY|S:0.97 R:33.0 B:-0.16 M:-0.73"
2026-01-15,SOL-USDT,142.4,sell,none,60.45506993551074,NEGATIVE,"SELL|S:0.97 R:60.5 B:0.77 M:1.22"
2026-01-15,XRP-USDT,2.0789,sell,none,51.689794888260884,NEGATIVE,"SELL|S:0.97 R:51.7 B:0.55 M:0.00"
2026-01-16,ADA-USDT,0.3955,sell,none,50.47669297386278,NEGATIVE,"SELL|S:1.00 R:50.5 B:0.57 M:0.00"
2026-01-16,BNB-USDT,938.16,sell,none,63.314602290582236,NEGATIVE,"SELL|S:1.00 R:63.3 B:0.85 M:4.91"
2026-01-16,BTC-USDT,95550.94,sell,none,64.02195276207914,NEGATIVE,"SELL|S:1.00 R:64.0 B:0.86 M:535.30"
2026-01-16,DOGE-USDT,0.13813,sell,none,49.02853545878402,NEGATIVE,"SELL|S:1.00 R:49.0 B:0.49 M:0.00"
2026-01-16,DOT-USDT,2.119,sell,none,52.18504909211297,NEGATIVE,"SELL|S:1.00 R:52.2 B:0.58 M:0.01"
2026-01-16,ETH-USDT,3296.28,sell,none,61.42744150486828,NEGATIVE,"SELL|S:1.00 R:61.4 B:0.80 M:19.57"
2026-01-16,LTC-USDT,75.22,buy,none,41.1841542582098,NEGATIVE,"BUY|S:1.00 R:41.2 B:0.15 M:-0.71"
2026-01-16,SOL-USDT,144.89,sell,none,63.11552993290164,NEGATIVE,"SELL|S:1.00 R:63.1 B:0.82 M:1.11"
2026-01-16,XRP-USDT,2.0678,sell,none,50.86424720179459,NEGATIVE,"SELL|S:1.00 R:50.9 B:0.52 M:-0.00"
2026-01-17,ADA-USDT,0.3973,sell,none,51.04735769349745,NEGATIVE,"SELL|S:0.99 R:51.0 B:0.58 M:0.00"
2026-01-17,BNB-USDT,947.12,sell,none,65.42580139691194,NEGATIVE,"SELL|S:0.99 R:65.4 B:0.88 M:4.81"
2026-01-17,BTC-USDT,95147.77,sell,none,62.1966055187375,NEGATIVE,"SELL|S:0.99 R:62.2 B:0.79 M:451.24"
2026-01-17,DOGE-USDT,0.13788,sell,none,48.78299046110251,NEGATIVE,"SELL|S:0.99 R:48.8 B:0.47 M:-0.00"
2026-01-17,DOT-USDT,2.179,sell,none,55.43837713810791,NEGATIVE,"SELL|S:0.99 R:55.4 B:0.66 M:0.01"
2026-01-17,ETH-USDT,3310.56,sell,none,62.21077691543869,NEGATIVE,"SELL|S:0.99 R:62.2 B:0.80 M:17.67"
2026-01-17,LTC-USDT,74.92,buy,none,40.65034714502536,NEGATIVE,"BUY|S:0.99 R:40.7 B:0.16 M:-0.68"
2026-01-17,SOL-USDT,143.72,sell,none,61.0375830228017,NEGATIVE,"SELL|S:0.99 R:61.0 B:0.76 M:0.89"
2026-01-17,XRP-USDT,2.0631,sell,none,50.496492586292085,NEGATIVE,"SELL|S:0.99 R:50.5 B:0.49 M:-0.01"
2026-01-18,ADA-USDT,0.3758,sell,none,44.45761860174648,NEGATIVE,"SELL|S:1.00 R:44.5 B:0.33 M:-0.00"
2026-01-18,BNB-USDT,932.51,sell,none,59.420947765869236,NEGATIVE,"SELL|S:1.00 R:59.4 B:0.74 M:3.43"
2026-01-18,BTC-USDT,93673.14,sell,none,55.91690097007116,NEGATIVE,"SELL|S:1.00 R:55.9 B:0.64 M:269.64"
2026-01-18,DOGE-USDT,0.13164,buy,buy,42.99498142481027,NEGATIVE,"BUY|S:1.00 R:43.0 B:0.28 M:-0.00"
2026-01-18,DOT-USDT,2.065,sell,none,48.6634405052485,NEGATIVE,"SELL|S:1.00 R:48.7 B:0.43 M:0.00"
2026-01-18,ETH-USDT,3284.03,sell,none,59.7817535702802,NEGATIVE,"SELL|S:1.00 R:59.8 B:0.73 M:13.33"
2026-01-18,LTC-USDT,72.29,buy,none,36.21832662177135,NEGATIVE,"BUY|S:1.00 R:36.2 B:0.03 M:-0.78"
2026-01-18,SOL-USDT,137.87,sell,none,51.84639830835426,NEGATIVE,"SELL|S:1.00 R:51.8 B:0.53 M:0.30"
2026-01-18,XRP-USDT,1.9914,sell,none,45.13522919503596,NEGATIVE,"SELL|S:1.00 R:45.1 B:0.34 M:-0.01"
2026-01-19,ADA-USDT,0.3703,buy,buy,42.93084954863556,NEGATIVE,"BUY|S:0.99 R:42.9 B:0.25 M:-0.00"
2026-01-19,BNB-USDT,923.6,sell,none,56.042750632161244,NEGATIVE,"SELL|S:0.99 R:56.0 B:0.64 M:1.67"
2026-01-19,BTC-USDT,92631,sell,none,51.92673271295144,NEGATIVE,"SELL|S:0.99 R:51.9 B:0.53 M:63.40"
2026-01-19,DOGE-USDT,0.12916,buy,none,40.917115298258935,NEGATIVE,"BUY|S:0.99 R:40.9 B:0.19 M:-0.00"
2026-01-19,DOT-USDT,2.028,buy,buy,46.66995242491153,NEGATIVE,"BUY|S:0.99 R:46.7 B:0.30 M:-0.01"
2026-01-19,ETH-USDT,3189.55,sell,none,51.995646614935694,NEGATIVE,"SELL|S:0.99 R:52.0 B:0.52 M:3.31"
2026-01-19,LTC-USDT,70.8,buy,none,33.95934834189235,NEGATIVE,"BUY|S:0.99 R:34.0 B:0.01 M:-0.89"
2026-01-19,SOL-USDT,133.44,sell,none,46.17589007668335,NEGATIVE,"SELL|S:0.99 R:46.2 B:0.32 M:-0.40"
2026-01-19,XRP-USDT,1.986,sell,none,44.749877680340454,NEGATIVE,"SELL|S:0.99 R:44.7 B:0.30 M:-0.02"
2026-01-20,ADA-USDT,0.3507,buy,none,37.93158409308735,NEGATIVE,"BUY|S:1.00 R:37.9 B:-0.05 M:-0.00"
2026-01-20,BNB-USDT,884.2,buy,buy,44.10253501947106,NEGATIVE,"BUY|S:1.00 R:44.1 B:0.23 M:-2.17"
2026-01-20,BTC-USDT,88427.66,buy,buy,39.64003263150103,NEGATIVE,"BUY|S:1.00 R:39.6 B:0.09 M:-349.34"
2026-01-20,DOGE-USDT,0.12336,buy,none,36.47713070555544,NEGATIVE,"BUY|S:1.00 R:36.5 B:-0.03 M:-0.00"
2026-01-20,DOT-USDT,1.897,buy,none,40.3651477769319,NEGATIVE,"BUY|S:1.00 R:40.4 B:-0.12 M:-0.02"
2026-01-20,ETH-USDT,2939.88,buy,buy,37.93505502827969,NEGATIVE,"BUY|S:1.00 R:37.9 B:-0.02 M:-19.66"
2026-01-20,LTC-USDT,67.12,buy,none,29.127310819182146,NEGATIVE,"BUY|S:1.00 R:29.1 B:-0.08 M:-1.14"
2026-01-20,SOL-USDT,125.8,buy,buy,38.379746765707374,NEGATIVE,"BUY|S:1.00 R:38.4 B:-0.02 M:-1.33"
2026-01-20,XRP-USDT,1.89,buy,buy,38.462854185428,NEGATIVE,"BUY|S:1.00 R:38.5 B:0.08 M:-0.02"
2026-01-21,ADA-USDT,0.3659,buy,none,43.432972097765976,NEGATIVE,"BUY|S:0.98 R:43.4 B:0.13 M:-0.00"
2026-01-21,BNB-USDT,883.36,buy,none,43.887848504931,NEGATIVE,"BUY|S:0.98 R:43.9 B:0.20 M:-4.66"
2026-01-21,BTC-USDT,89454.73,buy,none,43.177978216927265,NEGATIVE,"BUY|S:0.98 R:43.2 B:0.19 M:-535.30"
2026-01-21,DOGE-USDT,0.12654,buy,none,40.302028537152694,NEGATIVE,"BUY|S:0.98 R:40.3 B:0.07 M:-0.00"
2026-01-21,DOT-USDT,1.955,buy,none,43.97397014665024,NEGATIVE,"BUY|S:0.98 R:44.0 B:0.07 M:-0.02"
2026-01-21,ETH-USDT,2982.27,buy,none,40.85924262576903,NEGATIVE,"BUY|S:0.98 R:40.9 B:0.08 M:-30.85"
2026-01-21,LTC-USDT,68.48,buy,none,32.92572824319537,NEGATIVE,"BUY|S:0.98 R:32.9 B:0.06 M:-1.14"
2026-01-21,SOL-USDT,129.54,buy,none,43.41614430193935,NEGATIVE,"BUY|S:0.98 R:43.4 B:0.13 M:-1.63"
2026-01-21,XRP-USDT,1.9476,buy,none,43.584262848043615,NEGATIVE,"BUY|S:0.98 R:43.6 B:0.18 M:-0.02"
2026-01-22,ADA-USDT,0.3594,buy,none,41.72963482105968,NEGATIVE,"BUY|S:0.98 R:41.7 B:0.09 M:-0.00"
2026-01-22,BNB-USDT,888.06,buy,none,45.48683882324226,NEGATIVE,"BUY|S:0.98 R:45.5 B:0.24 M:-5.80"
2026-01-22,BTC-USDT,89559.67,buy,none,43.542104924514554,NEGATIVE,"BUY|S:0.98 R:43.5 B:0.21 M:-626.99"
2026-01-22,DOGE-USDT,0.12437,buy,none,38.59425721463181,NEGATIVE,"BUY|S:0.98 R:38.6 B:0.07 M:-0.00"
2026-01-22,DOT-USDT,1.927,buy,none,42.632680059717245,NEGATIVE,"BUY|S:0.98 R:42.6 B:0.06 M:-0.03"
2026-01-22,ETH-USDT,2952.69,buy,none,39.46204487234735,NEGATIVE,"BUY|S:0.98 R:39.5 B:0.07 M:-38.59"
2026-01-22,LTC-USDT,68.19,buy,none,32.525423705359344,NEGATIVE,"BUY|S:0.98 R:32.5 B:0.10 M:-1.08"
2026-01-22,SOL-USDT,128.47,buy,none,42.34968672306022,NEGATIVE,"BUY|S:0.98 R:42.3 B:0.10 M:-1.83"
2026-01-22,XRP-USDT,1.9236,buy,none,42.015229185680674,NEGATIVE,"BUY|S:0.98 R:42.0 B:0.15 M:-0.03"
2026-01-23,ADA-USDT,0.3602,buy,none,42.03096214026778,NEGATIVE,"BUY|S:0.99 R:42.0 B:0.14 M:-0.00"
2026-01-23,BNB-USDT,891.63,buy,none,46.728599964779676,NEGATIVE,"BUY|S:0.99 R:46.7 B:0.26 M:-6.10"
2026-01-23,BTC-USDT,89600.26,buy,none,43.692407176698985,NEGATIVE,"BUY|S:0.99 R:43.7 B:0.22 M:-657.47"
2026-01-23,DOGE-USDT,0.12477,buy,none,39.10647992657454,NEGATIVE,"BUY|S:0.99 R:39.1 B:0.13 M:-0.00"
2026-01-23,DOT-USDT,1.926,buy,none,42.582724120270264,NEGATIVE,"BUY|S:0.99 R:42.6 B:0.11 M:-0.03"
2026-01-23,ETH-USDT,2956.41,buy,none,39.741118044896936,NEGATIVE,"BUY|S:0.99 R:39.7 B:0.12 M:-41.56"
2026-01-23,LTC-USDT,68.07,buy,none,32.350156989878876,NEGATIVE,"BUY|S:0.99 R:32.4 B:0.14 M:-0.97"
2026-01-23,SOL-USDT,127.43,buy,none,41.288109538367216,NEGATIVE,"BUY|S:0.99 R:41.3 B:0.10 M:-1.94"
2026-01-23,XRP-USDT,1.9196,buy,none,41.745489068116996,NEGATIVE,"BUY|S:0.99 R:41.7 B:0.17 M:-0.02"
2026-01-24,ADA-USDT,0.3583,buy,none,41.4823038651332,NEGATIVE,"BUY|S:1.00 R:41.5 B:0.16 M:-0.00"
2026-01-24,BNB-USDT,887.17,buy,none,45.33909261488353,NEGATIVE,"BUY|S:1.00 R:45.3 B:0.22 M:-6.35"
2026-01-24,BTC-USDT,89225.34,buy,none,42.565210165746755,NEGATIVE,"BUY|S:1.00 R:42.6 B:0.21 M:-673.00"
2026-01-24,DOGE-USDT,0.12423,buy,none,38.63790199549515,NEGATIVE,"BUY|S:1.00 R:38.6 B:0.15 M:-0.00"
2026-01-24,DOT-USDT,1.93,buy,none,42.87109081660068,NEGATIVE,"BUY|S:1.00 R:42.9 B:0.16 M:-0.03"
2026-01-24,ETH-USDT,2953.22,buy,none,39.57264985819858,NEGATIVE,"BUY|S:1.00 R:39.6 B:0.15 M:-41.72"
2026-01-24,LTC-USDT,68.19,buy,none,32.740471759518016,NEGATIVE,"BUY|S:1.00 R:32.7 B:0.18 M:-0.83"
2026-01-24,SOL-USDT,127.21,buy,none,41.053671863336675,NEGATIVE,"BUY|S:1.00 R:41.1 B:0.13 M:-1.93"
2026-01-24,XRP-USDT,1.9143,buy,none,41.366533324269476,NEGATIVE,"BUY|S:1.00 R:41.4 B:0.19 M:-0.02"
2026-01-25,ADA-USDT,0.3391,buy,none,36.32242247337721,NEGATIVE,"BUY|S:1.00 R:36.3 B:0.02 M:-0.01"
2026-01-25,BNB-USDT,866.02,buy,none,39.361695940702056,NEGATIVE,"BUY|S:1.00 R:39.4 B:0.05 M:-7.62"
2026-01-25,BTC-USDT,86670.36,buy,none,35.78912944929787,NEGATIVE,"BUY|S:1.00 R:35.8 B:0.04 M:-815.94"
2026-01-25,DOGE-USDT,0.11945,buy,none,34.67700534878588,NEGATIVE,"BUY|S:1.00 R:34.7 B:0.07 M:-0.00"
2026-01-25,DOT-USDT,1.823,buy,none,37.452440662326595,NEGATIVE,"BUY|S:1.00 R:37.5 B:0.01 M:-0.03"
2026-01-25,ETH-USDT,2816.89,buy,none,33.112342745496925,NEGATIVE,"BUY|S:1.00 R:33.1 B:0.01 M:-48.52"
2026-01-25,LTC-USDT,67.3,buy,none,31.29815587836522,NEGATIVE,"BUY|S:1.00 R:31.3 B:0.18 M:-0.73"
2026-01-25,SOL-USDT,118.85,buy,none,33.312916480383066,NEGATIVE,"BUY|S:1.00 R:33.3 B:-0.06 M:-2.37"
2026-01-25,XRP-USDT,1.8356,buy,none,36.122765244770996,NEGATIVE,"BUY|S:1.00 R:36.1 B:0.05 M:-0.03"
2026-01-26,ADA-USDT,0.3521,buy,none,41.61765674935564,POSITIVE,"BUY|S:0.68 R:41.6 B:0.19 M:-0.00"
2026-01-26,BNB-USDT,879.41,buy,none,44.36273149734571,POSITIVE,"BUY|S:0.68 R:44.4 B:0.22 M:-7.22"
2026-01-26,BTC-USDT,88347.08,buy,none,42.282753155964336,POSITIVE,"BUY|S:0.68 R:42.3 B:0.22 M:-759.33"
2026-01-26,DOGE-USDT,0.12236,buy,none,38.79083411590404,POSITIVE,"BUY|S:0.68 R:38.8 B:0.18 M:-0.00"
2026-01-26,DOT-USDT,1.875,buy,none,41.33325462063434,POSITIVE,"BUY|S:0.68 R:41.3 B:0.15 M:-0.03"
2026-01-26,ETH-USDT,2930.35,buy,none,41.64993490130627,POSITIVE,"BUY|S:0.68 R:41.6 B:0.22 M:-43.07"
2026-01-26,LTC-USDT,69.72,buy,none,39.14798909870366,POSITIVE,"BUY|S:0.68 R:39.1 B:0.30 M:-0.45"
2026-01-26,SOL-USDT,124.24,buy,none,41.032772752425885,POSITIVE,"BUY|S:0.68 R:41.0 B:0.16 M:-2.18"
2026-01-26,XRP-USDT,1.9041,buy,none,42.906677029894716,POSITIVE,"BUY|S:0.68 R:42.9 B:0.21 M:-0.02"
2026-01-27,ADA-USDT,0.3608,buy,none,44.91878746662907,POSITIVE,"BUY|S:0.99 R:44.9 B:0.30 M:-0.00"
2026-01-27,BNB-USDT,898.36,buy,none,50.575288156554365,POSITIVE,"BUY|S:0.99 R:50.6 B:0.41 M:-5.44"
2026-01-27,BTC-USDT,89250,buy,none,45.48022011833948,POSITIVE,"BUY|S:0.99 R:45.5 B:0.31 M:-628.26"
2026-01-27,DOGE-USDT,0.12619,buy,none,43.80679770156825,POSITIVE,"BUY|S:0.99 R:43.8 B:0.31 M:-0.00"
2026-01-27,DOT-USDT,1.876,buy,none,41.40854302504307,POSITIVE,"BUY|S:0.99 R:41.4 B:0.19 M:-0.03"
2026-01-27,ETH-USDT,3026.77,buy,none,47.7531485676809,POSITIVE,"BUY|S:0.99 R:47.8 B:0.38 M:-31.21"
2026-01-27,LTC-USDT,70.03,buy,none,40.0922800694412,POSITIVE,"BUY|S:0.99 R:40.1 B:0.34 M:-0.21"
2026-01-27,SOL-USDT,127.19,buy,none,44.799209849628376,POSITIVE,"BUY|S:0.99 R:44.8 B:0.27 M:-1.75"
2026-01-27,XRP-USDT,1.9158,buy,none,44.00062641187566,POSITIVE,"BUY|S:0.99 R:44.0 B:0.26 M:-0.02"
2026-01-28,ADA-USDT,0.3583,buy,none,44.14631834187418,NEGATIVE,"BUY|S:1.00 R:44.1 B:0.30 M:-0.00"
2026-01-28,BNB-USDT,902.91,sell,sell,51.9622797124339,NEGATIVE,"SELL|S:1.00 R:52.0 B:0.45 M:-3.78"
2026-01-28,BTC-USDT,89299.99,sell,sell,45.659710406536306,NEGATIVE,"SELL|S:1.00 R:45.7 B:0.32 M:-510.39"
2026-01-28,DOGE-USDT,0.125,buy,none,42.63766397989454,NEGATIVE,"BUY|S:1.00 R:42.6 B:0.29 M:-0.00"
2026-01-28,DOT-USDT,1.87,buy,none,41.06799720423882,NEGATIVE,"BUY|S:1.00 R:41.1 B:0.21 M:-0.02"
2026-01-28,ETH-USDT,3010.78,sell,sell,46.87746466850826,NEGATIVE,"SELL|S:1.00 R:46.9 B:0.36 M:-23.07"
2026-01-28,LTC-USDT,69.42,buy,none,38.81586194672283,NEGATIVE,"BUY|S:1.00 R:38.8 B:0.33 M:-0.06"
2026-01-28,SOL-USDT,125.35,buy,none,42.9562052827076,NEGATIVE,"BUY|S:1.00 R:43.0 B:0.24 M:-1.51"
2026-01-28,XRP-USDT,1.9111,buy,none,43.63889821529191,NEGATIVE,"BUY|S:1.00 R:43.6 B:0.27 M:-0.01"
2026-01-29,ADA-USDT,0.3347,buy,none,37.5768508993219,NEGATIVE,"BUY|S:1.00 R:37.6 B:0.09 M:-0.00"
2026-01-29,BNB-USDT,868.69,buy,buy,42.33899187556972,NEGATIVE,"BUY|S:1.00 R:42.3 B:0.14 M:-4.76"
2026-01-29,BTC-USDT,84650.16,buy,buy,34.33626608942023,NEGATIVE,"BUY|S:1.00 R:34.3 B:0.02 M:-705.75"
2026-01-29,DOGE-USDT,0.11728,buy,none,35.936978125228855,NEGATIVE,"BUY|S:1.00 R:35.9 B:0.12 M:-0.00"
2026-01-29,DOT-USDT,1.736,buy,none,34.286220968995096,NEGATIVE,"BUY|S:1.00 R:34.3 B:0.03 M:-0.03"
2026-01-29,ETH-USDT,2822.59,buy,buy,38.03684674551191,NEGATIVE,"BUY|S:1.00 R:38.0 B:0.12 M:-28.62"
2026-01-29,LTC-USDT,66.24,buy,none,32.930047901365995,NEGATIVE,"BUY|S:1.00 R:32.9 B:0.18 M:-0.14"
2026-01-29,SOL-USDT,117.82,buy,none,36.363244147043275,NEGATIVE,"BUY|S:1.00 R:36.4 B:0.08 M:-1.74"
2026-01-29,XRP-USDT,1.8076,buy,none,36.51905802288652,NEGATIVE,"BUY|S:1.00 R:36.5 B:0.07 M:-0.02"
2026-01-30,ADA-USDT,0.3208,buy,none,34.335905873835095,POSITIVE,"BUY|S:0.99 R:34.3 B:0.03 M:-0.00"
2026-01-30,BNB-USDT,858.81,buy,none,40.033716497900016,POSITIVE,"BUY|S:0.99 R:40.0 B:0.10 M:-5.78"
2026-01-30,BTC-USDT,84260.49,buy,none,33.58459120035162,POSITIVE,"BUY|S:0.99 R:33.6 B:0.06 M:-813.71"
2026-01-30,DOGE-USDT,0.11581,buy,none,34.815018564395984,POSITIVE,"BUY|S:0.99 R:34.8 B:0.13 M:-0.00"
2026-01-30,DOT-USDT,1.69,buy,none,32.31351717196358,POSITIVE,"BUY|S:0.99 R:32.3 B:0.04 M:-0.03"
2026-01-30,ETH-USDT,2707.38,buy,none,33.83049853412489,POSITIVE,"BUY|S:0.99 R:33.8 B:0.04 M:-37.74"
2026-01-30,LTC-USDT,65.47,buy,none,31.67749404349951,POSITIVE,"BUY|S:0.99 R:31.7 B:0.15 M:-0.21"
2026-01-30,SOL-USDT,117.59,buy,none,36.18058235980607,POSITIVE,"BUY|S:0.99 R:36.2 B:0.12 M:-1.80"
2026-01-30,XRP-USDT,1.7352,buy,none,32.52186753640382,POSITIVE,"BUY|S:0.99 R:32.5 B:-0.01 M:-0.02"
2026-01-31,ADA-USDT,0.2936,buy,none,29.054974039440985,POSITIVE,"BUY|S:1.00 R:29.1 B:-0.08 M:-0.01"
2026-01-31,BNB-USDT,781.38,buy,none,27.429075778929214,POSITIVE,"BUY|S:1.00 R:27.4 B:-0.24 M:-11.06"
2026-01-31,BTC-USDT,78741.09,buy,none,25.177160360756723,POSITIVE,"BUY|S:1.00 R:25.2 B:-0.13 M:-1186.74"
2026-01-31,DOGE-USDT,0.10426,buy,none,27.539803733155495,POSITIVE,"BUY|S:1.00 R:27.5 B:-0.05 M:-0.00"
2026-01-31,DOT-USDT,1.547,buy,none,27.09452453506333,POSITIVE,"BUY|S:1.00 R:27.1 B:-0.06 M:-0.04"
2026-01-31,ETH-USDT,2451.95,buy,none,26.76382141649036,POSITIVE,"BUY|S:1.00 R:26.8 B:-0.11 M:-57.47"
2026-01-31,LTC-USDT,59.53,buy,none,24.071079147789867,POSITIVE,"BUY|S:1.00 R:24.1 B:-0.09 M:-0.59"
2026-01-31,SOL-USDT,105.58,buy,none,28.211459960573883,POSITIVE,"BUY|S:1.00 R:28.2 B:-0.06 M:-2.50"
2026-01-31,XRP-USDT,1.6472,buy,none,28.446285559149263,POSITIVE,"BUY|S:1.00 R:28.4 B:-0.07 M:-0.03"
2026-02-01,ADA-USDT,0.2858,buy,none,27.73750671025917,POSITIVE,"BUY|S:0.99 R:27.7 B:-0.03 M:-0.01"
2026-02-01,BNB-USDT,758.54,buy,none,24.935126267450133,POSITIVE,"BUY|S:0.99 R:24.9 B:-0.16 M:-15.23"
2026-02-01,BTC-USDT,76968.21,buy,none,23.170683154351657,POSITIVE,"BUY|S:0.99 R:23.2 B:-0.08 M:-1464.55"
2026-02-01,DOGE-USDT,0.10426,buy,none,27.539803733155495,POSITIVE,"BUY|S:0.99 R:27.5 B:0.03 M:-0.00"
2026-02-01,DOT-USDT,1.495,buy,none,25.482762405617482,POSITIVE,"BUY|S:0.99 R:25.5 B:-0.02 M:-0.05"
2026-02-01,ETH-USDT,2270.15,buy,none,23.070108436839497,POSITIVE,"BUY|S:0.99 R:23.1 B:-0.12 M:-78.00"
2026-02-01,LTC-USDT,58.49,buy,none,23.028460069361806,POSITIVE,"BUY|S:0.99 R:23.0 B:-0.04 M:-0.84"
2026-02-01,SOL-USDT,100.79,buy,none,25.77319758637413,POSITIVE,"BUY|S:0.99 R:25.8 B:-0.04 M:-3.08"
2026-02-01,XRP-USDT,1.5908,buy,none,26.181678977271954,POSITIVE,"BUY|S:0.99 R:26.2 B:-0.05 M:-0.04"
2026-02-02,ADA-USDT,0.2991,buy,none,33.2919357470513,NEGATIVE,"BUY|S:0.98 R:33.3 B:0.10 M:-0.01"
2026-02-02,BNB-USDT,773.94,buy,none,29.584094272375268,NEGATIVE,"BUY|S:0.98 R:29.6 B:0.01 M:-16.01"
2026-02-02,BTC-USDT,78738.61,buy,none,29.235525474093837,NEGATIVE,"BUY|S:0.98 R:29.2 B:0.07 M:-1438.67"
2026-02-02,DOGE-USDT,0.10792,buy,none,32.707691643302155,NEGATIVE,"BUY|S:0.98 R:32.7 B:0.14 M:-0.00"
2026-02-02,DOT-USDT,1.543,buy,none,29.643281915517566,NEGATIVE,"BUY|S:0.98 R:29.6 B:0.08 M:-0.05"
2026-02-02,ETH-USDT,2347.02,buy,none,27.61881968334598,NEGATIVE,"BUY|S:0.98 R:27.6 B:0.03 M:-81.26"
2026-02-02,LTC-USDT,60.02,buy,none,27.971320360755847,NEGATIVE,"BUY|S:0.98 R:28.0 B:0.07 M:-0.83"
2026-02-02,SOL-USDT,104.55,buy,none,30.827111079494056,NEGATIVE,"BUY|S:0.98 R:30.8 B:0.08 M:-3.02"
2026-02-02,XRP-USDT,1.6198,buy,none,29.298414357796553,NEGATIVE,"BUY|S:0.98 R:29.3 B:0.05 M:-0.04"
2026-02-03,ADA-USDT,0.2917,buy,none,31.826134339766128,POSITIVE,"BUY|S:0.98 R:31.8 B:0.09 M:-0.01"
2026-02-03,BNB-USDT,754.78,buy,none,27.317276231344618,POSITIVE,"BUY|S:0.98 R:27.3 B:0.01 M:-16.80"
2026-02-03,BTC-USDT,75770.21,buy,none,25.588248038559446,POSITIVE,"BUY|S:0.98 R:25.6 B:0.01 M:-1522.93"
2026-02-03,DOGE-USDT,0.10602,buy,none,31.453567054448417,POSITIVE,"BUY|S:0.98 R:31.5 B:0.12 M:-0.00"
2026-02-03,DOT-USDT,1.5,buy,none,28.128171714714075,POSITIVE,"BUY|S:0.98 R:28.1 B:0.08 M:-0.05"
2026-02-03,ETH-USDT,2233.72,buy,none,25.249100563990407,POSITIVE,"BUY|S:0.98 R:25.2 B:0.01 M:-85.48"
2026-02-03,LTC-USDT,59.48,buy,none,27.30485879754824,POSITIVE,"BUY|S:0.98 R:27.3 B:0.09 M:-0.78"
2026-02-03,SOL-USDT,97.89,buy,none,27.28355668503938,POSITIVE,"BUY|S:0.98 R:27.3 B:0.02 M:-3.21"
2026-02-03,XRP-USDT,1.5791,buy,none,27.540914800182986,POSITIVE,"BUY|S:0.98 R:27.5 B:0.04 M:-0.04"
2026-02-04,ADA-USDT,0.2864,buy,none,30.780824197451835,NEGATIVE,"BUY|S:0.99 R:30.8 B:0.10 M:-0.01"
2026-02-04,BNB-USDT,697.27,buy,none,21.894457198416077,NEGATIVE,"BUY|S:0.99 R:21.9 B:-0.09 M:-19.95"
2026-02-04,BTC-USDT,73165.83,buy,none,22.890064301256093,NEGATIVE,"BUY|S:0.99 R:22.9 B:-0.01 M:-1645.10"
2026-02-04,DOGE-USDT,0.10383,buy,none,30.024534042101724,NEGATIVE,"BUY|S:0.99 R:30.0 B:0.11 M:-0.00"
2026-02-04,DOT-USDT,1.461,buy,none,26.79070519842638,NEGATIVE,"BUY|S:0.99 R:26.8 B:0.09 M:-0.04"
2026-02-04,ETH-USDT,2148.26,buy,none,23.60399088290962,NEGATIVE,"BUY|S:0.99 R:23.6 B:0.03 M:-88.11"
2026-02-04,LTC-USDT,58.89,buy,none,26.560234871954474,NEGATIVE,"BUY|S:0.99 R:26.6 B:0.11 M:-0.71"
2026-02-04,SOL-USDT,92.12,buy,none,24.64085403714956,NEGATIVE,"BUY|S:0.99 R:24.6 B:0.00 M:-3.48"
2026-02-04,XRP-USDT,1.512,buy,none,24.890038456568284,NEGATIVE,"BUY|S:0.99 R:24.9 B:0.01 M:-0.04"
2026-02-05,ADA-USDT,0.2455,buy,none,24.18057875671347,POSITIVE,"BUY|S:0.89 R:24.2 B:-0.07 M:-0.01"
2026-02-05,BNB-USDT,608.3,buy,none,16.452976423431934,POSITIVE,"BUY|S:0.89 R:16.5 B:-0.18 M:-26.38"
2026-02-05,BTC-USDT,62909.86,buy,none,15.816948790244947,POSITIVE,"BUY|S:0.89 R:15.8 B:-0.18 M:-2269.19"
2026-02-05,DOGE-USDT,0.08849,buy,none,22.360994534877527,POSITIVE,"BUY|S:0.89 R:22.4 B:-0.11 M:-0.00"
2026-02-05,DOT-USDT,1.248,buy,none,20.935686359565178,POSITIVE,"BUY|S:0.89 R:20.9 B:-0.05 M:-0.05"
2026-02-05,ETH-USDT,1826.83,buy,none,18.675361458752633,POSITIVE,"BUY|S:0.89 R:18.7 B:-0.07 M:-104.46"
2026-02-05,LTC-USDT,50.79,buy,none,18.928403982363402,POSITIVE,"BUY|S:0.89 R:18.9 B:-0.13 M:-1.11"
2026-02-05,SOL-USDT,78.35,buy,none,19.72945505550368,POSITIVE,"BUY|S:0.89 R:19.7 B:-0.10 M:-4.30"
2026-02-05,XRP-USDT,1.2146,buy,none,17.054693095720662,POSITIVE,"BUY|S:0.89 R:17.1 B:-0.20 M:-0.06"
2026-02-06,ADA-USDT,0.2762,buy,none,35.38112019718264,NEGATIVE,"BUY|S:1.00 R:35.4 B:0.16 M:-0.01"
2026-02-06,BNB-USDT,657.21,buy,none,27.169092160969793,NEGATIVE,"BUY|S:1.00 R:27.2 B:0.04 M:-25.68"
2026-02-06,BTC-USDT,70580.26,buy,none,32.59315303320703,NEGATIVE,"BUY|S:1.00 R:32.6 B:0.11 M:-2025.97"
2026-02-06,DOGE-USDT,0.09848,buy,none,34.14899959333253,NEGATIVE,"BUY|S:1.00 R:34.1 B:0.13 M:-0.00"
2026-02-06,DOT-USDT,1.368,buy,none,30.191955045648744,NEGATIVE,"BUY|S:1.00 R:30.2 B:0.11 M:-0.05"
2026-02-06,ETH-USDT,2063.38,buy,none,30.22256806671942,NEGATIVE,"BUY|S:1.00 R:30.2 B:0.12 M:-92.71"
2026-02-06,LTC-USDT,55.02,buy,none,30.206858805991093,NEGATIVE,"BUY|S:1.00 R:30.2 B:0.09 M:-1.00"
2026-02-06,SOL-USDT,87.46,buy,none,29.711164583172696,NEGATIVE,"BUY|S:1.00 R:29.7 B:0.08 M:-3.94"
2026-02-06,XRP-USDT,1.4698,buy,none,35.74658231434571,NEGATIVE,"BUY|S:1.00 R:35.7 B:0.15 M:-0.05"
2026-02-07,ADA-USDT,0.2721,buy,none,34.645032282846614,NEGATIVE,"BUY|S:0.93 R:34.6 B:0.17 M:-0.01"
2026-02-07,BNB-USDT,647,buy,none,26.407629531170727,NEGATIVE,"BUY|S:0.93 R:26.4 B:0.07 M:-24.25"
2026-02-07,BTC-USDT,69289.38,buy,none,31.456994810160865,NEGATIVE,"BUY|S:0.93 R:31.5 B:0.12 M:-1819.15"
2026-02-07,DOGE-USDT,0.09823,buy,none,34.00983649228622,NEGATIVE,"BUY|S:0.93 R:34.0 B:0.16 M:-0.00"
2026-02-07,DOT-USDT,1.372,buy,none,30.48410310548254,NEGATIVE,"BUY|S:0.93 R:30.5 B:0.15 M:-0.04"
2026-02-07,ETH-USDT,2087.08,buy,none,31.27544308280022,NEGATIVE,"BUY|S:0.93 R:31.3 B:0.17 M:-77.33"
2026-02-07,LTC-USDT,55.19,buy,none,30.624573530696725,NEGATIVE,"BUY|S:0.93 R:30.6 B:0.14 M:-0.83"
2026-02-07,SOL-USDT,87.59,buy,none,29.845229635585156,NEGATIVE,"BUY|S:0.93 R:29.8 B:0.13 M:-3.43"
2026-02-07,XRP-USDT,1.4231,buy,none,34.226574871831495,NEGATIVE,"BUY|S:0.93 R:34.2 B:0.14 M:-0.04"
2026-02-08,ADA-USDT,0.2701,buy,none,34.27048284128524,NEGATIVE,"BUY|S:1.00 R:34.3 B:0.19 M:-0.00"
2026-02-08,BNB-USDT,639.93,buy,none,25.867002291411268,NEGATIVE,"BUY|S:1.00 R:25.9 B:0.11 M:-22.19"
2026-02-08,BTC-USDT,70330.38,buy,none,33.471055775671616,NEGATIVE,"BUY|S:1.00 R:33.5 B:0.18 M:-1493.03"
2026-02-08,DOGE-USDT,0.09663,buy,none,33.080687632661224,NEGATIVE,"BUY|S:1.00 R:33.1 B:0.16 M:-0.00"
2026-02-08,DOT-USDT,1.337,buy,none,29.32754878976396,NEGATIVE,"BUY|S:1.00 R:29.3 B:0.15 M:-0.03"
2026-02-08,ETH-USDT,2089.74,buy,none,31.40055549903315,NEGATIVE,"BUY|S:1.00 R:31.4 B:0.20 M:-61.65"
2026-02-08,LTC-USDT,54.53,buy,none,29.87694994044647,NEGATIVE,"BUY|S:1.00 R:29.9 B:0.15 M:-0.68"
2026-02-08,SOL-USDT,86.99,buy,none,29.56494525585188,NEGATIVE,"BUY|S:1.00 R:29.6 B:0.16 M:-2.89"
2026-02-08,XRP-USDT,1.4308,buy,none,34.71946871899604,NEGATIVE,"BUY|S:1.00 R:34.7 B:0.18 M:-0.03"
2026-02-09,ADA-USDT,0.2699,buy,none,34.23062922369496,NEGATIVE,"BUY|S:0.89 R:34.2 B:0.22 M:-0.00"
2026-02-09,BNB-USDT,636.39,buy,none,25.584569479255713,NEGATIVE,"BUY|S:0.89 R:25.6 B:0.14 M:-19.56"
2026-02-09,BTC-USDT,70138,buy,none,33.27645685675545,NEGATIVE,"BUY|S:0.89 R:33.3 B:0.21 M:-1184.53"
2026-02-09,DOGE-USDT,0.09611,buy,none,32.76736603591578,NEGATIVE,"BUY|S:0.89 R:32.8 B:0.19 M:-0.00"
2026-02-09,DOT-USDT,1.32,buy,none,28.756859621779746,NEGATIVE,"BUY|S:0.89 R:28.8 B:0.17 M:-0.03"
2026-02-09,ETH-USDT,2105.02,buy,none,32.16451754309735,NEGATIVE,"BUY|S:0.89 R:32.2 B:0.24 M:-45.66"
2026-02-09,LTC-USDT,54.45,buy,none,29.782042957519433,NEGATIVE,"BUY|S:0.89 R:29.8 B:0.19 M:-0.51"
2026-02-09,SOL-USDT,86.77,buy,none,29.455713320475112,NEGATIVE,"BUY|S:0.89 R:29.5 B:0.19 M:-2.33"
2026-02-09,XRP-USDT,1.437,buy,none,35.14093156262533,NEGATIVE,"BUY|S:0.89 R:35.1 B:0.22 M:-0.02"
2026-02-10,ADA-USDT,0.262,buy,none,32.61710773707632,POSITIVE,"BUY|S:0.99 R:32.6 B:0.20 M:-0.00"
2026-02-10,BNB-USDT,619.85,buy,none,24.252163820538904,POSITIVE,"BUY|S:0.99 R:24.3 B:0.15 M:-17.50"
2026-02-10,BTC-USDT,68841.29,buy,none,31.928972959884494,POSITIVE,"BUY|S:0.99 R:31.9 B:0.20 M:-971.04"
2026-02-10,DOGE-USDT,0.09277,buy,none,30.752596397030224,POSITIVE,"BUY|S:0.99 R:30.8 B:0.16 M:-0.00"
2026-02-10,DOT-USDT,1.283,buy,none,27.502468350959287,POSITIVE,"BUY|S:0.99 R:27.5 B:0.17 M:-0.02"
2026-02-10,ETH-USDT,2022.67,buy,none,30.21174387610917,POSITIVE,"BUY|S:0.99 R:30.2 B:0.22 M:-36.44"
2026-02-10,LTC-USDT,53.38,buy,none,28.47898168256694,POSITIVE,"BUY|S:0.99 R:28.5 B:0.18 M:-0.40"
2026-02-10,SOL-USDT,82.99,buy,none,27.5708636326579,POSITIVE,"BUY|S:0.99 R:27.6 B:0.17 M:-2.01"
2026-02-10,XRP-USDT,1.3999,buy,none,33.73730088767473,POSITIVE,"BUY|S:0.99 R:33.7 B:0.21 M:-0.02"
2026-02-11,ADA-USDT,0.2559,buy,none,31.386852931135518,NEGATIVE,"BUY|S:0.98 R:31.4 B:0.19 M:-0.00"
2026-02-11,BNB-USDT,608.11,buy,none,23.323683363272036,NEGATIVE,"BUY|S:0.98 R:23.3 B:0.16 M:-15.56"
2026-02-11,BTC-USDT,67082.52,buy,none,30.145913496636346,NEGATIVE,"BUY|S:0.98 R:30.1 B:0.19 M:-855.55"
2026-02-11,DOGE-USDT,0.09112,buy,none,29.778484999311257,NEGATIVE,"BUY|S:0.98 R:29.8 B:0.16 M:-0.00"
2026-02-11,DOT-USDT,1.256,buy,none,26.59093635053501,NEGATIVE,"BUY|S:0.98 R:26.6 B:0.18 M:-0.02"
2026-02-11,ETH-USDT,1941.18,buy,none,28.375843755730855,NEGATIVE,"BUY|S:0.98 R:28.4 B:0.20 M:-31.81"
2026-02-11,LTC-USDT,52.32,buy,none,27.20890990331448,NEGATIVE,"BUY|S:0.98 R:27.2 B:0.18 M:-0.34"
2026-02-11,SOL-USDT,79.3,buy,none,25.833054079117584,NEGATIVE,"BUY|S:0.98 R:25.8 B:0.16 M:-1.84"
2026-02-11,XRP-USDT,1.3697,buy,none,32.59594553288041,NEGATIVE,"BUY|S:0.98 R:32.6 B:0.21 M:-0.02"
2026-02-12,ADA-USDT,0.2643,buy,none,35.02143018870453,NEGATIVE,"BUY|S:0.99 R:35.0 B:0.27 M:-0.00"
2026-02-12,BNB-USDT,614.29,buy,none,24.952468315309766,NEGATIVE,"BUY|S:0.99 R:25.0 B:0.21 M:-12.62"
2026-02-12,BTC-USDT,66272.17,buy,none,29.333106911479263,NEGATIVE,"BUY|S:0.99 R:29.3 B:0.20 M:-745.07"
2026-02-12,DOGE-USDT,0.093,buy,none,32.40569932770943,NEGATIVE,"BUY|S:0.99 R:32.4 B:0.23 M:-0.00"
2026-02-12,DOT-USDT,1.283,buy,none,29.120837243780283,NEGATIVE,"BUY|S:0.99 R:29.1 B:0.23 M:-0.01"
2026-02-12,ETH-USDT,1947.85,buy,none,28.757453005613193,NEGATIVE,"BUY|S:0.99 R:28.8 B:0.23 M:-24.60"
2026-02-12,LTC-USDT,53.15,buy,none,29.847101542072057,NEGATIVE,"BUY|S:0.99 R:29.8 B:0.24 M:-0.18"
2026-02-12,SOL-USDT,78.4,buy,none,25.412330233752684,NEGATIVE,"BUY|S:0.99 R:25.4 B:0.18 M:-1.60"
2026-02-12,XRP-USDT,1.3635,buy,none,32.353950034851145,NEGATIVE,"BUY|S:0.99 R:32.4 B:0.23 M:-0.01"
2026-02-13,ADA-USDT,0.2632,buy,none,34.76174557152137,POSITIVE,"BUY|S:1.00 R:34.8 B:0.28 M:-0.00"
2026-02-13,BNB-USDT,599.2,buy,none,23.63240179636758,POSITIVE,"BUY|S:1.00 R:23.6 B:0.20 M:-10.53"
2026-02-13,BTC-USDT,67125.72,buy,none,31.430270059229535,POSITIVE,"BUY|S:1.00 R:31.4 B:0.24 M:-535.64"
2026-02-13,DOGE-USDT,0.09354,buy,none,33.17901845782865,POSITIVE,"BUY|S:1.00 R:33.2 B:0.26 M:-0.00"
2026-02-13,DOT-USDT,1.276,buy,none,28.843302241228518,POSITIVE,"BUY|S:1.00 R:28.8 B:0.24 M:-0.01"
2026-02-13,ETH-USDT,1962.32,buy,none,29.633351184126138,POSITIVE,"BUY|S:1.00 R:29.6 B:0.26 M:-15.59"
2026-02-13,LTC-USDT,53.43,buy,none,30.758812648136285,POSITIVE,"BUY|S:1.00 R:30.8 B:0.27 M:-0.01"
2026-02-13,SOL-USDT,80.09,buy,none,27.790509207770725,POSITIVE,"BUY|S:1.00 R:27.8 B:0.23 M:-1.15"
2026-02-13,XRP-USDT,1.3629,buy,none,32.32893625274884,POSITIVE,"BUY|S:1.00 R:32.3 B:0.25 M:-0.01"